{
  "linear": {
    "r2": 0.3386509179039521,
    "rmse": 80687.2040488914
  },
  "decision_tree": {
    "r2": 0.3427388076150846,
    "rmse": 80437.44814933982
  },
  "random_forest": {
    "r2": 0.43427134392593203,
    "rmse": 74626.55230993936
  }
}