{
  "linear": {
    "r2": 0.32763694146918454,
    "rmse": 81098.76836068799
  },
  "decision_tree": {
    "r2": 0.3209543210108847,
    "rmse": 81500.79247229324
  },
  "random_forest": {
    "r2": 0.4146502700778951,
    "rmse": 75669.35773381087
  }
}